Answer,Responses,Percent
Direct contact (meetings),259,0.48592870544090055
Direct cooperation,110,0.20637898686679174
Received funding,101,0.1894934333958724
Other,72,0.1350844277673546
"We have not had any contact
or funding from the US",188,0.3527204502814259
Don't know,32,0.0600375234521576
